1,Dr. Iza Gerhold,loragutkowski@yahoosyxmalsyx.com,NJ
2,Katharyn Goyette DVM,sadiewunsch@hotyahoosyxmalsyxyahoosyxmalsyx.com,VI
3,Nikolas Tromp,danniekemmer@yahoosyxmalsyx.com,VI
4,Ms. Shawnna Gerlach DVM,reichelson@hotyahoosyxmalsyxyahoosyxmalsyx.com,MP
5,Jamil Stroman,olliedicki@feil-wisoky.net,MI
6,Elmer Lakin,lowejoanie@yahoosyxmalsyx.com,SD
7,Vernetta Mitchell,diandrahoppe@yahoosyxmalsyx.com,IN
8,Clide Moore,colvinrosenbaum@hotyahoosyxmalsyxyahoosyxmalsyx.com,VA
9,Dr. Tennille Lind,lary88@mckenzie.com,ND
10,Dr. Prudence Bode PhD,missie27@erdman.com,SD
11,Camilo Predovic,sage56@nicolas.com,MH
12,Dr. Alvia Bahringer,schristiansen@hotyahoosyxmalsyxyahoosyxmalsyx.com,HI
13,Harden Brakus,oberbrunnerpeyton@kuvalis.com,WY
14,Festus Reynolds,idach@hotyahoosyxmalsyxyahoosyxmalsyx.com,AZ
15,Savanna Hayes,wilkie14@marks-lakin.com,LA
16,Ms. Lauri Anderson,billygottlieb@gtyahoosyxmalsyxmalyahoosyxmalsyx.com,WV
17,Mr. Fidencio West,juliana34@yahoosyxmalsyx.com,AL
18,Erasmo Ferry,ozellmante@yahoosyxmalsyx.com,MH
19,Ivanna Ondricka,kendalcrona@kuhic-macejkovic.info,VT
20,Mr. Immanuel Schowalter PhD,zulaufeulalie@gtyahoosyxmalsyxmalyahoosyxmalsyx.com,OR
21,Ms. Marvel Haley MD,sengerbrylee@gtyahoosyxmalsyxmalyahoosyxmalsyx.com,CT
22,Sherri Gottlieb,stehrsim@gtyahoosyxmalsyxmalyahoosyxmalsyx.com,IL
23,Dr. Shannon Collier IV,opalgorczany@gtyahoosyxmalsyxmalyahoosyxmalsyx.com,AS
24,Latrina West,mbauch@hotyahoosyxmalsyxyahoosyxmalsyx.com,ND
25,Sydnie Nikolaus,hubbard50@harris.info,KS
26,Alyce Cruickshank,shirleylockman@gtyahoosyxmalsyxmalyahoosyxmalsyx.com,MS
27,Angel Daugherty,jacobsnels@yahoosyxmalsyx.com,CA
28,Josie Spencer DVM,jeanmariekassulke@rice.org,NY
29,Willaim Nikolaus Jr.,burke03@king-kuhlman.com,OH
30,Francisco Yundt I,randlebergnaum@hotyahoosyxmalsyxyahoosyxmalsyx.com,OK
31,Jena Pagac MD,bauchtabitha@corkery.com,NV
32,Yancy Wunsch,iristhiel@von-hammes.com,MO
33,Cleo Monahan,thyratromp@barton.info,TN
34,Miya Schoen,stromanbarton@bauch.net,KS
35,Cap O'Kon,rosalie55@hotyahoosyxmalsyxyahoosyxmalsyx.com,SC
36,Yuridia Rogahn,leschdocia@hotyahoosyxmalsyxyahoosyxmalsyx.com,MS
37,Hayley McGlynn,aokon@gtyahoosyxmalsyxmalyahoosyxmalsyx.com,MO
38,Art Stokes,tavionschroeder@gtyahoosyxmalsyxmalyahoosyxmalsyx.com,NC
39,Douglas Simonis,johnsaraceli@raynor.org,MD
40,Hasel Beahan,bartolettieller@braun-lockman.com,ME
41,Kamari Thompson,eugeniaharvey@gtyahoosyxmalsyxmalyahoosyxmalsyx.com,OH
42,Phylis Champlin,tvon@hotyahoosyxmalsyxyahoosyxmalsyx.com,SC
43,Permelia Dickens,lashundakling@hotyahoosyxmalsyxyahoosyxmalsyx.com,AR
44,Tylor Kub,dorn@gtyahoosyxmalsyxmalyahoosyxmalsyx.com,CA
45,Dr. Pattie Price,demariokassulke@walker-weber.com,CA
46,Natalya Bartell,arthur99@block.com,KY
47,Will Schuppe,kdurgan@wehner.com,AK
48,Sharde Dibbert,terriechristiansen@hessel.org,NY
49,Cheryll Zemlak,eston89@haley.com,MD
50,Buel Aufderhar,johnsoncharlotte@conroy.com,MI
51,Dr. Arley Jaskolski,moe22@wiegand-schinner.com,NV
52,Rachel Kilback,mkeeling@wehner-conroy.com,NC
53,Mr. Abdiel Price V,leoniamurphy@crist-quigley.com,OH
54,Darcie Ruecker,kautzerluka@turner-senger.com,WA
55,Dempsey Grady,bmertz@hotyahoosyxmalsyxyahoosyxmalsyx.com,IA
56,Dr. Delwin Waelchi,lonelarson@murazik-lehner.com,NC
57,Preston Schaefer II,eugenio63@conn-ortiz.com,MN
58,Iverson Powlowski II,steuberdudley@yahoosyxmalsyx.com,NY
59,Isaias Towne,camilo86@ortiz.biz,WY
60,Miss Myrtice Fahey,cdaniel@hotyahoosyxmalsyxyahoosyxmalsyx.com,AZ
61,Taurus Kemmer III,donte94@hotyahoosyxmalsyxyahoosyxmalsyx.com,ME
62,Hazle Erdman,cmcglynn@feeney-bogan.com,AZ
63,Chantel Monahan,berneice28@yahoosyxmalsyx.com,MN
64,Kaylynn Will,ewatsica@yahoosyxmalsyx.com,OK
65,Devon Baumbach,okeefeeino@parisian.org,MI
66,Mr. Starling Schimmel,mykelbarrows@hilll.com,FL
67,Marley Rice,rfunk@bayer.com,OR
68,Ricci Wuckert,bodedameon@jenkins.com,MA
69,Rubie Batz,donellswaniawski@hamill.com,NE
70,Dyllan Kessler,kenton21@hotyahoosyxmalsyxyahoosyxmalsyx.com,CA
71,Dellia Grady,khadijah58@gtyahoosyxmalsyxmalyahoosyxmalsyx.com,ND
72,Obie Hermiston,gunda28@gtyahoosyxmalsyxmalyahoosyxmalsyx.com,MT
73,Darla Murphy,schroedercherie@mcdermott.com,MH
74,Miss Arla Runolfsdottir DVM,jayde27@hotyahoosyxmalsyxyahoosyxmalsyx.com,PA
75,Dr. Lillard Turcotte,sleffler@anderson-erdman.biz,ND
76,Dr. Jacob Hahn PhD,jerrilyn87@beer-batz.info,WV
77,Mr. Newton Okuneva,markel35@corwin.com,AS
78,Lyle Bergstrom,ujohnston@kemmer.com,KS
79,Miss Halie Jaskolski DDS,jaden40@hotyahoosyxmalsyxyahoosyxmalsyx.com,MD
80,Abel Conn PhD,emery38@hotyahoosyxmalsyxyahoosyxmalsyx.com,HI
81,Reyes Cummings,frazier09@yahoosyxmalsyx.com,NY
82,Mr. Lance Fritsch DDS,watsicaaydan@gtyahoosyxmalsyxmalyahoosyxmalsyx.com,IN
83,David Hermann,kristinkuhn@yahoosyxmalsyx.com,IA
84,Laney Wolff DVM,jaedakling@hotyahoosyxmalsyxyahoosyxmalsyx.com,MH
85,Mr. Odin Barton MD,jgreen@gtyahoosyxmalsyxmalyahoosyxmalsyx.com,NE
86,Dr. Wiley Durgan,traceewalsh@yahoosyxmalsyx.com,OR
87,Fumiko Von,yosef58@yundt.org,MP
88,Ms. Luverne Hammes DVM,habbott@gtyahoosyxmalsyxmalyahoosyxmalsyx.com,CT
89,Trudy Kris DVM,jrogahn@yahoosyxmalsyx.com,MA
90,Mrs. Ceola Okuneva MD,lyn67@grady.org,OR
91,Miss Lassie Zboncak MD,nsporer@gtyahoosyxmalsyxmalyahoosyxmalsyx.com,MP
92,Laverne Herzog DVM,elfriedaschneider@gtyahoosyxmalsyxmalyahoosyxmalsyx.com,AL
93,Tosha Parisian,junie45@price.info,CA
94,Dr. Arley Kilback PhD,malinda79@walker.biz,WA
95,Stanislaus Rutherford,bartellalferd@gtyahoosyxmalsyxmalyahoosyxmalsyx.com,PA
96,Porfirio Muller III,kohlermayra@gtyahoosyxmalsyxmalyahoosyxmalsyx.com,OK
97,Mr. Isidro Leannon,parrish01@lind.org,TN
98,Ms. Taina Wyman DVM,dezzie43@cassin.com,NC
99,Amber Senger,kimberley69@mcglynn-boehm.com,SC
100,Derrick Prohaska,siennazulauf@tromp.com,NJ
101,Alline Rosenbaum,oconnelladamaris@gtyahoosyxmalsyxmalyahoosyxmalsyx.com,MN
102,Ephram O'Keefe,cathie83@block.com,TN
103,Yasmin Stoltenberg,hintzkrystle@yahoosyxmalsyx.com,AZ
104,Gene Bechtelar,randal80@gtyahoosyxmalsyxmalyahoosyxmalsyx.com,KY
105,Oda Pacocha PhD,vandervortdjuana@hotyahoosyxmalsyxyahoosyxmalsyx.com,AS
106,Mr. Ewing Dare,almond45@hotyahoosyxmalsyxyahoosyxmalsyx.com,MO
107,Antonio Stoltenberg,hgibson@gtyahoosyxmalsyxmalyahoosyxmalsyx.com,SD
108,Dr. Isaias Bartoletti,linn03@gtyahoosyxmalsyxmalyahoosyxmalsyx.com,NV
109,Christion Waelchi,thielenid@hotyahoosyxmalsyxyahoosyxmalsyx.com,MS
110,Marvel Baumbach MD,feiljaron@koelpin.com,AL
111,Adel Howell DVM,sengerbelen@gtyahoosyxmalsyxmalyahoosyxmalsyx.com,MI
112,Lawyer Satterfield,arliekerluke@hotyahoosyxmalsyxyahoosyxmalsyx.com,KS
113,Burr Lang,jakubowskigrace@hotyahoosyxmalsyxyahoosyxmalsyx.com,MA
114,Isaiah Fadel III,dariansmith@hotyahoosyxmalsyxyahoosyxmalsyx.com,VT
115,Mr. Layne Kozey,hammeslyric@breitenberg.info,AK
116,Shyheim Hudson DVM,felipe34@yahoosyxmalsyx.com,WY
117,Jaxen Watsica,leisha67@will.com,IN
118,Elena Keebler,kasiehegmann@gtyahoosyxmalsyxmalyahoosyxmalsyx.com,NY
119,Harold Hyatt,isabell75@dach-durgan.com,MT
120,Ms. Sienna Rippin,derrickwindler@hotyahoosyxmalsyxyahoosyxmalsyx.com,MD
121,Dr. Flavia Kutch,sandi97@thompson.com,WA
122,Vernie Zieme,ernie05@hotyahoosyxmalsyxyahoosyxmalsyx.com,WA
123,Melony O'Connell,vesta16@hintz-schimmel.com,VT
124,Ms. Bertina Klein,anitaryan@hotyahoosyxmalsyxyahoosyxmalsyx.com,NH
125,Mrs. Shannon Waelchi,tstanton@mohr-durgan.info,MH
126,Burk Howe,scarlett90@yahoosyxmalsyx.com,KS
127,Jerilynn Kris,hkuhlman@davis-lind.com,TX
128,Mrs. Arabella Bernhard,nluettgen@brown.net,DE
129,Dr. Brynn Lynch,nlynch@pollich-waters.com,UT
130,Mr. Ace Fahey,jammiekunde@hotyahoosyxmalsyxyahoosyxmalsyx.com,MT
131,Mr. Kennth Fahey,latoriafay@roberts.com,ME
132,Preston Jacobi,giulianahilpert@hotyahoosyxmalsyxyahoosyxmalsyx.com,MA
133,Mr. Patric Zemlak,lorenzokihn@yahoosyxmalsyx.com,HI
134,Volney Kuphal,sebastianlangosh@wolf.biz,MO
135,Mr. Max Bosco II,wisokyvincenza@yahoosyxmalsyx.com,AS
136,Conor Hane,mhettinger@homenick.com,NM
137,Claudie Robel MD,dstamm@feeney.com,SC
138,Garner Runolfsson V,jesenia86@mertz-bosco.org,OR
139,Merle Mraz,cristalolson@gtyahoosyxmalsyxmalyahoosyxmalsyx.com,MO
140,Bo Vandervort,xkoss@jerde-hirthe.com,KS
141,Mrs. Dellar Kris,reillyagustin@yahoosyxmalsyx.com,PR
142,Mr. Dennie Kozey I,doloris99@bogisich-gulgowski.com,MP
143,Mrs. Almyra Strosin DVM,inesjast@gtyahoosyxmalsyxmalyahoosyxmalsyx.com,MH
144,Reece Willms,brandi71@hotyahoosyxmalsyxyahoosyxmalsyx.com,OR
145,Janel Nader,sampson35@kuhn.com,AK
146,Sariah Lueilwitz MD,kiehnicy@paucek.info,MA
147,Yetta Torp,fidencio53@kertzmann-ondricka.net,MN
148,Orville Rolfson,alanilind@hotyahoosyxmalsyxyahoosyxmalsyx.com,OK
149,Council Stehr,kjast@gtyahoosyxmalsyxmalyahoosyxmalsyx.com,WY
150,Lou Kuhlman,chet94@johnson.com,PW
151,Deb Wisoky,hlangosh@medhurst.net,GA
152,Jaylan Hauck PhD,cristerline@berge-zemlak.com,IA
153,Aletha Kemmer,uruecker@gtyahoosyxmalsyxmalyahoosyxmalsyx.com,MA
154,Dillion Homenick,maevedickens@lindgren.com,MO
155,Sharon Harber,vmorar@bernhard.net,NJ
156,Dr. Quinten Hegmann V,ypowlowski@yahoosyxmalsyx.com,NM
157,Francesca Gleichner,zulastehr@gtyahoosyxmalsyxmalyahoosyxmalsyx.com,SD
158,Ms. Marianne Russel MD,joanwiegand@gtyahoosyxmalsyxmalyahoosyxmalsyx.com,MD
159,Brandin Rath,pablo44@yahoosyxmal.com,MD
160,Winfred Zieme,kerlukejeana@smith.com,UT
161,Ermina Lockman,quitzonmya@hotyahoosyxmalsyxyahoosyxmalsyx.com,DE
162,Petra Johns,mekhischowalter@yahoosyxmalsyx.com,MI
163,Friend Leannon,mhomenick@senger.org,AL
164,Kerri Casper,syedkoss@beer.com,HI
165,Eber Considine,armanfeeney@hotyahoosyxmalsyxyahoosyxmalsyx.com,MD
166,Treasure Flatley PhD,franklyn29@gtyahoosyxmalsyxmalyahoosyxmalsyx.com,UT
167,Nevada Reichert,iberge@yahoosyxmalsyx.com,GA
168,Kanesha Cassin,shanahanclaude@wyman.com,MD
169,Mr. Nicholaus Trantow,ebertbilal@lang.com,PR
170,Brook Murazik,corkeryhazle@yahoosyxmalsyx.com,WV
171,Mayra Collier,arthor45@cartwright.info,ND
172,Francine Nienow DDS,astrid67@hotyahoosyxmalsyxyahoosyxmalsyx.com,FL
173,Jensen Lang,roni75@hotyahoosyxmalsyxyahoosyxmalsyx.com,MS
174,Mr. Houston O'Conner,towanda40@brakus.info,AL
175,Dr. Cheyenne Daniel,mardellaltenwerth@hotyahoosyxmalsyxyahoosyxmalsyx.com,AL
176,Theodocia Sipes,zhudson@herman-mccullough.info,OK
177,Aili Lehner,waelchihartley@daugherty.biz,MO
178,Torie Stoltenberg,treutelarvo@yahoosyxmalsyx.com,VA
179,Ivonne Harber,carlenekihn@hotyahoosyxmalsyxyahoosyxmalsyx.com,DE
180,Miss Dorthy Wolff PhD,pblick@breitenberg.info,NM
181,Cassidy Walker DDS,fryan@hotyahoosyxmalsyxyahoosyxmalsyx.com,TN
182,Justina Pfannerstill,ogibson@lakin-lesch.com,AS
183,Porfirio Conn,venietorphy@schuppe.com,MA
184,Mrs. Ireland VonRueden MD,cindyprosacco@yahoosyxmalsyx.com,VT
185,Dr. Angel Smith DVM,kchamplin@simonis.com,MH
186,Lloyd Bechtelar,altenwerthlevy@hotyahoosyxmalsyxyahoosyxmalsyx.com,TN
187,Tomeka Buckridge,morton15@hilpert.com,MS
188,Ashlie Haley,ameliekassulke@emmerich.net,MT
189,Ashby Crist,harlow55@oreilly-reinger.com,SD
190,Tabitha Kohler,tbashirian@hayes.com,CO
191,Lenon Little IV,hermistonstevie@gleichner.org,WA
192,Lucien Feest,priscilla68@hotyahoosyxmalsyxyahoosyxmalsyx.com,DC
193,Oda Ledner,hoppelinzy@hotyahoosyxmalsyxyahoosyxmalsyx.com,MS
194,Mikaela Zulauf PhD,aufderharareli@yahoosyxmalsyx.com,AK
195,Miss Kaydence Hudson,ignatiuswindler@streich-torp.org,HI
196,Dr. Elroy Considine,carleigh71@hotyahoosyxmalsyxyahoosyxmalsyx.com,MS
197,Logan Moen,kundehuy@yahoosyxmalsyx.com,MT
198,Mr. Nils Baumbach,finley50@yahoosyxmalsyx.com,OH
199,Elie Pacocha DVM,nolabuckridge@gtyahoosyxmalsyxmalyahoosyxmalsyx.com,WY
200,Lovie Lynch,zstehr@padberg.org,RI
201,York Steuber,kattiemetz@gtyahoosyxmalsyxmalyahoosyxmalsyx.com,NH
202,Randel Senger,mckenzieshanon@gtyahoosyxmalsyxmalyahoosyxmalsyx.com,VT
203,Dr. Kimberley Stracke MD,lmclaughlin@fahey.com,PW
204,Autry Treutel,odiejenkins@wilderman.com,NC
205,Mr. Robbie Glover PhD,pstreich@hotyahoosyxmalsyxyahoosyxmalsyx.com,AL
206,Coty Mayert,kubben@erdman.com,UT
207,Ludwig Rice,qjerde@yahoosyxmalsyx.com,ND
208,Kadeem Bergnaum,eupton@rau.com,VT
209,Oline Daugherty,nathaniallangosh@stracke-rice.com,CT
210,Krystal Corwin,bev54@hudson-bogisich.com,CT
211,Nohely Cummings,swalter@yahoosyxmalsyx.com,MT
212,Bryton Dietrich,vic36@gtyahoosyxmalsyxmalyahoosyxmalsyx.com,SC
213,Loni Barrows,hdubuque@kessler.com,GU
214,Dr. Rubin Green II,judi80@gtyahoosyxmalsyxmalyahoosyxmalsyx.com,MO
215,Marcelle Farrell,aferry@larkin.info,DE
216,Estefani Reilly,zdicki@jones-reinger.com,AS
217,Mr. Malakai Leffler PhD,cormiercrete@effertz.com,VA
218,Tisha Smitham,clinthickle@bradtke.net,OH
219,Joelle Gerlach,ludie16@hotmyahoosyxmalsyxail.com,NJ
220,Keely Wilkinson,allen16@hyahoosyxmalsyxotmail.com,DE
221,Carmella Ruecker,carl22@yahoosyxmalsyx.com,RI
222,Zana Quitzon,rbeer@howell-bahringer.com,HI
223,Linda Considine,ccollins@yahoosyxmalsyx.com,WI
224,Whitney Rath,wendi92@yahoosyxmalsyx.com,NC
225,Lucian Turner,yoshiohoppe@bechtelar-sanford.com,NY
226,Lawyer Marks IV,breitenbergsammie@kub.com,CT
227,Dr. Chester Armstrong II,bbrekke@gmyahoosyxmalsyxail.com,NY
228,Eve Satterfield MD,rueckersanai@yahoosyxmalsyx.com,OH
229,Dr. Greene McDermott,zeb09@yahoosyxmalsyx.com,OK
230,Dayse Nienow,spencerdonna@leffler.biz,AL
231,Benjiman Romaguera,hintzherlinda@little-wehner.com,CO
232,Newell Hagenes,joan01@funk.biz,OH
233,Mr. Dereck Simonis Sr.,citlali01@gmayahoosyxmalsyxil.com,NC
234,Deontae Homenick IV,fritschgrove@yahoosyxmalsyx.com,CO
235,Eden Langosh,trippin@fritsch.net,VI
236,Mr. Ismael Schaefer,andre17@hotmyahoosyxmalsyxail.com,FM
237,Dr. Lollie Lowe,alesiawilderman@anderson-mante.com,WY
238,Mollie Powlowski,leeblock@gmayahoosyxmalsyxil.com,MS
239,Nellie Abernathy,ostroman@yahoosyxmalsyx.com,OK
240,Annetta Batz,ruffus67@goyette.biz,NC
241,Carmelita Padberg,yratke@skiles.com,LA
242,Titus Oberbrunner Sr.,wilbertbergstrom@harber.biz,DC
243,Ms. Araceli Bradtke,oconnellgerhard@yahoosyxmalsyx.com,WY
244,Janiya Keeling DDS,ybashirian@breitenberg.com,SC
245,Aloysius Schuppe,buddyoconner@emmerich.com,GA
246,Jacque Baumbach DVM,brownbartoletti@swift.com,AR
247,Vern Macejkovic,bergnaumlilyana@gmyahoosyxmalsyxail.com,SD
248,Jana Buckridge PhD,quinn51@stanton-lang.com,MO
249,Spenser Franecki,btremblay@gmyahoosyxmalsyxail.com,OK
250,Tamia Fisher,jacobsonlina@yahoosyxmalsyx.com,IL
251,Mr. Adelbert Conroy,geraldine11@yahoosyxmalsyx.com,MS
252,Welton Schumm,okonmargarita@gmayahoosyxmalsyxil.com,WY
253,Rasheed Considine,buckridgehilary@schmidt.org,PR
254,Miss Alize Harris DDS,kristopherschmidt@hotmyahoosyxmalsyxail.com,AS
255,Miss Zetta O'Connell MD,yundtsheryll@hotmyahoosyxmalsyxail.com,OK
256,Trevion Senger,dooleycolleen@yahoosyxmalsyx.com,MD
257,Miss Devin Bartell,casie14@hotyahoosyxmalsyxmail.com,MH
258,Miss Norma Toy DDS,rcronin@ratke.info,MS
259,Ala Hettinger,mreichert@turcotte-reilly.biz,VA
260,Ainsley Stroman,thurston31@zulauf-shields.info,NC
261,Arnie Watsica,vandervortkristina@gmayahoosyxmalsyxil.com,DC
262,Deontae Turner,tylor42@fritsch.biz,AK
263,Kayleen Kutch DDS,yreichert@yahoosyxmalsyx.com,CA
264,Minerva Balistreri,swhite@kihn-roberts.info,MS
265,Knox Bailey,camrenboyle@klein.com,MA
266,Carmen Sawayn,johnnareilly@hotyahoosyxmalsyxmail.com,PR
267,Dr. Gerardo Lesch,trantowaurilla@gmayahoosyxmalsyxil.com,WA
268,Algernon Koss,murphyclaudine@yahoosyxmalsyx.com,AR
269,Mr. Irl Hills,fmuller@zieme-hettinger.info,ND
270,Mr. Dakoda Johns I,princess18@murphy.com,IA
271,Richie Heaney,ppurdy@boyer-mcglynn.com,IA
272,Elijah Glover,deonte37@steuber.com,ND
273,Ceola Luettgen,ratkerheta@breitenberg.com,MP
274,Angella Bruen,emohr@gmyahoosyxmalsyxail.com,NJ
275,Oran Gusikowski,klehner@hotmyahoosyxmalsyxail.com,NY
276,Idamae Trantow,reillyignatz@turcotte-hermiston.info,UT
277,Aurelia Larkin,cklocko@yahoosyxmalsyx.com,MO
278,Annika Von DDS,gcartwright@little.net,NJ
279,June Kuvalis,stephenie63@hotyahoosyxmalsyxmail.com,AR
280,Julius Skiles,beahancaddie@moore-little.biz,UT
281,Dr. Darnell Harber,keli07@abbott.com,UT
282,Theron Orn,latoya78@yahoosyxmalsyx.com,ME
283,Kim Pagac,shaunbatz@marks.com,PR
284,Llewellyn Waters,lenardgreenholt@hotmyahoosyxmalsyxail.com,KY
285,Emmit Gislason PhD,stephanie34@gottlieb.org,PW
286,Harlie Ritchie,ychristiansen@yahoosyxmalsyx.com,WV
287,Unnamed Dickinson,milagroscruickshank@hoyahoosyxmalsyxtmail.com,MP
288,Tyrese Kemmer,bbecker@borer.org,NH
289,Malinda Hickle,oddietoy@ernser.com,IL
290,Rush Boyer,wchristiansen@gmayahoosyxmalsyxil.com,RI
291,Mr. Moody Little,burnieheaney@hotmyahoosyxmalsyxail.com,SC
292,Liller Hansen DDS,swaniawskibryson@wolff.org,AL
293,Luvenia Stiedemann,mharvey@hotmyahoosyxmalsyxail.com,OH
294,Rosalind Glover,schmittzackery@connelly-paucek.com,VA
295,Dr. Therman Jenkins Jr.,ischoen@yahoosyxmalsyx.com,PA
296,Dr. Teresa Nitzsche,tessacole@herzog.com,CO
297,Dr. Whitney O'Keefe I,kieranmclaughlin@yahoosyxmalsyx.com,MT
298,Mrs. Sherree Kemmer DVM,almedia55@yahoosyxmalsyx.com,OR
299,Ms. Valorie Maggio,reingerlenny@west.com,ID
300,Dr. Shawnee Barrows DVM,vwalter@gmyahoosyxmalsyxail.com,NH
301,Cory Roberts,lulie78@gmyahoosyxmalsyxail.com,NM
302,Sherrie Kertzmann,weltoncronin@hotyahoosyxmalsyxmail.com,NC
303,Mrs. Glinda Littel DVM,giovanna87@yahoosyxmalsyx.com,AL
304,Asher Windler PhD,huelsbeckie@watsica.org,MP
305,Ignacio Schulist Sr.,galilea00@gmayahoosyxmalsyxil.com,MH
306,Nataly O'Conner,qhuel@hodkiewicz.biz,MT
307,Rillie Mertz PhD,estie81@denesik-donnelly.com,CT
308,Evangelina Gutmann,tobias03@roob.com,RI
309,Infant Howe,emeryschulist@hotyahoosyxmalsyxmail.com,NC
310,Cortney Hyatt,carri11@bruen.biz,NE
311,Lady Gaylord,bertieemard@yahoosyxmalsyx.com,NY
312,Sharon Ryan,hanson66@gmayahoosyxmalsyxil.com,LA
313,Zane Predovic,hayesjohan@dibbert.com,DC
314,Dr. Alexis Lemke MD,schneiderherman@bogan.com,MD
315,Chelsey Schmeler,pritchie@greenholt-weimann.net,NE
316,Arletta Schmidt,nedtowne@yost.biz,MO
317,Pat Jacobi,hhagenes@pollich.com,AR
318,Gerardo Greenfelder,ywest@vandervort.info,MT
319,Porter Cruickshank,hlesch@yahoosyxmalsyx.com,MT
320,Captain Metz PhD,okunevaanfernee@gmyahoosyxmalsyxail.com,MT
321,Dell Rice,jbraun@yahoosyxmal.com,OK
322,Effa Thompson MD,kgerhold@mckenzie.info,PW
323,Reilly King MD,johanayundt@yahoosyxmalsyx.com,MI
324,Mr. Dedric Heller,tabethahintz@wintheiser.com,RI
325,Scotty Carter,smithbradly@greenfelder.com,NH
326,Marin Halvorson,andra46@yahoosyxmalsyx.com,DC
327,Adrianne Streich MD,nbosco@hotyahoosyxmalsyxmail.com,UT
328,Mr. Raoul Rippin IV,wkunze@yahoosyxmalsyx.com,TN
329,Bryson Effertz,bauchcierra@reinger-morar.com,MI
330,Lemmie Nicolas,kprosacco@yahoosyxmalsyx.com,NV
331,Lisa Rosenbaum,shavon26@schuster.org,MT
332,Mr. Knox Hagenes MD,qroberts@hotmyahoosyxmalsyxail.com,WY
333,Dr. Kameron Marquardt,qauer@yahoosyxmalsyx.com,MT
334,Karrie Feest DVM,xgibson@yahoosyxmalsyx.com,MI
335,Mr. Otis Mayer V,orrinbosco@yahoosyxmalsyx.com,ID
336,Dr. Maximiliano Rohan,wisokyalejandra@boehm-pfannerstill.com,AZ
337,Wendel Harris,garrick24@gutkowski-walsh.info,NY
338,Rocco Simonis,udaniel@gmayahoosyxmalsyxil.com,ID
339,Casimiro Hegmann,xbeahan@streich-smith.com,OH
340,Mr. Michal Kohler MD,kieran10@yahoosyxmalsyx.com,ND
341,Ms. April Kris,blanelarson@quigley-pagac.com,AS
342,Mrs. Nelle Macejkovic MD,lcormier@yahoosyxmalsyx.com,NE
343,Hilbert D'Amore II,grippin@gmyahoosyxmalsyxail.com,AL
344,Dr. Trish Collins,clementinaaufderhar@hoyahoosyxmalsyxtmail.com,WA
345,Mrs. Cadence Lockman DDS,linseyrunolfsdottir@vonrueden.info,KY
346,Miss Gladys Bergnaum MD,madaline25@yahoosyxmalsyx.com,WA
347,Terese Halvorson,cullen12@gmayahoosyxmalsyxil.com,FM
348,Berry Cormier PhD,clareschinner@ondricka.com,GA
349,Hughie Mertz,jordi01@yahoosyxmalsyx.com,WI
350,Wilhelmina Spencer,demetriwisozk@gutmann.com,ID
351,Valentino Spencer IV,tadhackett@simonis.biz,DC
352,Mrs. Bria Auer,shahn@yahoosyxmalsyx.com,OH
353,Alicia Predovic,noellemueller@fahey.biz,CT
354,Verlon Mayert,lala10@haley-mohr.com,LA
355,Ms. Stefanie Senger DDS,rodriguezsilver@hotyahoosyxmalsyxmail.com,KY
356,Eleanora Kunze,rfisher@west.org,AS
357,Nevada Douglas DDS,gleichnerenoch@gmyahoosyxmalsyxail.com,CT
358,Dr. Krish Cronin,ofritsch@gorczany.com,MD
359,Dr. Jessee Gerlach,christi03@kshlerin-halvorson.biz,SC
360,Halsey Orn,cstrosin@hotmyahoosyxmalsyxail.com,SC
361,Adlai Hoppe,schroederbev@skiles.org,OR
362,Kael Ebert,bentromp@hotyahoosyxmalsyx.com,NC
363,Greyson Powlowski,borershonda@conn.org,GA
364,Ms. Shantel Anderson,lorriewillms@gtyahoosyxmalsyxmal.com,PA
365,Dr. Shay Zieme,immanuelbechtelar@hotyahoosyxmalsyx.com,CO
366,Birt Bashirian II,alarson@hotyahoosyxmalsyx.com,HI
367,Burrel Ratke,chastityjones@mueller.com,IN
368,Mr. Ludwig Gerlach IV,doris84@yahoosyxmal.com,MH
369,Kyan Kuhlman,ova82@gtyahoosyxmalsyxmal.com,UT
370,Mrs. Daja McClure MD,kathrinebailey@hotyahoosyxmalsyx.com,NV
371,Angel Jakubowski,foresttromp@yahoosyxmal.com,MD
372,Alyssia Hauck,ida66@ankunding.net,PA
373,Kory Jast,cartwrightessex@kshlerin.com,GA
374,Kaleena Blanda,shreyaklocko@swift.com,UT
375,Mr. Ricky Lockman V,jemimarobel@hotyahoosyxmalsyx.com,AS
376,Killian Orn,hharris@yahoosyxmal.com,TN
377,Jon Feil,sgutkowski@yahoosyxmal.com,IN
378,Ole Wyman PhD,latonyamcclure@nader-waelchi.com,DC
379,Raul Stroman,reino85@parisian-wyman.biz,AK
380,Dola Howell,russelteresa@yahoosyxmal.com,ID
381,Ailene Bogan,cicely18@connelly.info,MS
382,Dorathea Mraz,raynorwilfredo@ledner.net,WI
383,Althea O'Keefe,mckinley36@yahoosyxmal.com,ID
384,Hart King IV,nicola55@yahoosyxmal.com,OR
385,Laureen Jacobi,buck99@torphy.net,FM
386,Mr. Fayette Kemmer Sr.,croninkrystal@hotyahoosyxmalsyx.com,VA
387,Mrs. Loreen Lehner,marquardtnettie@schulist.biz,IL
388,Mr. Buck Nolan,hboyle@yahoosyxmal.com,GA
389,Ezra Herman,bobby80@yahoosyxmal.com,MP
390,Leona Rath DDS,klingerna@denesik-stroman.org,KY
391,Byron Wiza,melville81@yahoosyxmal.com,MP
392,Sable Kihn PhD,lindkailee@hotyahoosyxmalsyx.com,NV
393,Jemal Powlowski,dickinsonmalaki@greenholt.com,OH
394,Chancey Brakus,ugleichner@crist-bosco.com,AS
395,Ottis Gorczany DVM,dmante@hotyahoosyxmalsyx.com,RI
396,Cayden Denesik,faysincere@barrows-morar.info,VT
397,Leandra Grimes,maebelle36@mosciski-baumbach.com,ND
398,Ms. Neppie Rutherford,wallace22@pagac.com,WY
399,Ariana Jenkins,katlynblock@hotyahoosyxmalsyx.com,NY
400,Mr. Jalon Schinner Jr.,ambrose78@hotyahoosyxmalsyx.com,CT
401,Gianna Kreiger,lahomawunsch@kiehn-considine.biz,VT
402,Lucien Durgan,lincoln07@mcdermott.com,MI
403,Drusilla Abshire,wheller@hotyahoosyxmalsyx.com,AK
404,Pershing O'Hara,diciecarroll@daniel.com,DE
405,Wilda Toy,rutha60@harber-oberbrunner.com,ND
406,Ari Farrell,agibson@gtyahoosyxmalsyxmal.com,WA
407,Arminta Reilly,swuckert@hotyahoosyxmalsyx.com,UT
408,Cordie Langworth,denesikcanyon@terry.com,CO
409,Mrs. Veronica Dibbert MD,glovergraciela@yahoosyxmal.com,PW
410,Dr. Archie Bartoletti,mbruen@witting.com,PA
411,Devaughn Turcotte V,deion11@yahoosyxmal.com,RI
412,Andra Jaskolski DVM,rindaconn@yahoosyxmal.com,GA
413,Johnpaul Bins Sr.,xbogisich@yahoosyxmal.com,PR
414,Fernand Koelpin,vlabadie@hotyahoosyxmalsyx.com,VT
415,Dr. Eli Raynor,ronna78@yahoosyxmal.com,VT
416,Eris Johnston,thilpert@lynch-goyette.net,MP
417,April Hirthe,harveynan@berge-stamm.info,NV
418,Carmine Hermiston,lenawisoky@dach-kirlin.com,MN
419,Wong Heller Sr.,jaylah32@hotyahoosyxmalsyx.com,IN
420,Ayana Kertzmann,fay24@gtyahoosyxmalsyxmal.com,AR
421,Lucien Schinner,akeempowlowski@hotyahoosyxmalsyx.com,AL
422,Florance Jast,charleepouros@yahoosyxmal.com,MS
423,Makenzie Ankunding,jocelynewiegand@pacocha-waelchi.com,CT
424,Dr. Edison Hoppe PhD,jairwalker@rolfson.net,TN
425,Amani Lakin,michaelarolfson@hotyahoosyxmalsyx.com,KS
426,Marcela Bradtke,kaley04@jones-ruecker.org,AK
427,Nayely Hoeger MD,takisha97@hotyahoosyxmalsyx.com,OH
428,Kira Prohaska,dickiwinthrop@ledner.com,WA
429,Marsha Stehr,darriusjohnston@hotyahoosyxmalsyx.com,LA
430,Ms. Rosabelle Rowe,walshrhoda@gtyahoosyxmalsyxmal.com,AL
431,Ms. Lidia Wyman,kathryne64@gtyahoosyxmalsyxmal.com,GA
432,Dakoda Waters,predovictrinity@greenfelder-schultz.com,ND
433,Dr. Jaidyn Mraz Jr.,harvy99@yahoosyxmal.com,TN
434,Ms. Cheyenne Hand DVM,hyatttanika@mann.com,OR
435,Tal Stiedemann,kulasfinley@bergstrom-botsford.info,NE
436,Elise Kerluke,abigail16@jenkins.biz,KY
437,Unique Koss PhD,bryon37@leuschke.com,MH
438,Dimple Hauck,emmet55@moen.biz,NE
439,Elia Frami,zritchie@hotyahoosyxmalsyx.com,ID
440,Dr. Myron Cormier,dubuqueeleonore@gtyahoosyxmalsyxmal.com,ME
441,Mell Morar,yostmartin@gtyahoosyxmalsyxmal.com,KY
442,Ms. Kandi Goodwin PhD,gbrekke@hilll.com,MS
443,Dr. Keyla Schmeler,mcronin@turner-king.com,LA
444,Jaydan Hermann,odalisbraun@kutch.info,NV
445,Griffin Kassulke V,rstokes@oconnell-kulas.com,NC
446,Lidie Leannon,uboyle@rosenbaum.com,AZ
447,Mrs. Roxana Zieme DVM,medhurstilma@hotyahoosyxmalsyx.com,OH
448,Alwin Schoen,russelbristol@gulgowski.biz,CT
449,Miss Lindsey Windler MD,schuppesierra@yahoosyxmal.com,IN
450,Belia Schamberger MD,ischiller@gtyahoosyxmalsyxmal.com,SD
451,Ronald Murazik,almon95@yahoosyxmal.com,MI
452,Pearla Haley,krislily@stamm.com,GA
453,May Stanton,icrooks@hartmann-rowe.biz,AZ
454,Jessy Braun,elnora09@gtyahoosyxmalsyxmal.com,MN
455,Waneta Hackett,lmann@gtyahoosyxmalsyxmal.com,CT
456,Karin Hansen,cassinelvie@yahoosyxmal.com,ME
457,Lorna Aufderhar,bartonignatius@blick.com,MP
458,Melbourne Blanda,elfriedaauer@buckridge.com,OH
459,Mr. Della Waters PhD,kalliegoodwin@gtyahoosyxmalsyxmal.com,MH
460,Deena Yundt,darryn08@breitenberg-hudson.biz,SC
461,Mr. Skylar McKenzie DDS,malissa81@hotyahoosyxmalsyx.com,OR
462,Edie DuBuque DVM,qnikolaus@hotyahoosyxmalsyx.com,UT
463,Miss Karren Schuppe,rowemarilee@yahoosyxmal.com,GU
464,Mr. Rollie Kunde PhD,jaskolskimacie@veum-quitzon.biz,VA
465,Kyra Stroman,zfahey@yahoosyxmal.com,AS
466,Laquan Spencer Jr.,fidenciohand@kuhn.org,VA
467,Icey Schuster,oreillyalvena@hotyahoosyxmalsyx.com,GA
468,Edmond Green,hassiearmstrong@gtyahoosyxmalsyxmal.com,MN
469,Amberly Bogan DVM,bergecicero@mckenzie.net,WA
470,Dr. Laurence Bailey,doclakin@towne-damore.com,MO
471,Felton Simonis,bechtelararnulfo@russel.com,WY
472,Rosalie Gaylord,krystina91@moore.com,MH
473,Arley Krajcik,hicklelyric@mann.com,WY
474,Gail Brown,oconnerjacey@shields.org,MT
475,Metha Walker,rkihn@morar.com,VI
476,Atha Predovic,wjohnston@yahoosyxmal.com,CA
477,Jaquez Thompson,charlene83@oreilly-fahey.biz,MI
478,Demario Medhurst,santanawintheiser@yahoosyxmal.com,NJ
479,Mr. Darryl Hilpert PhD,nwilkinson@quigley.com,IN
480,Hugh Wilderman,gibsonkuvalis@erdman.net,ME
481,Mr. Shawn Langworth,keegan30@gtyahoosyxmalsyxmal.com,VA
482,Rose Fahey,donato89@hotyahoosyxmalsyx.com,FM
483,Tonja Zboncak,tstoltenberg@wehner.com,GU
484,Jerald Gutmann,eankreiger@langosh.org,KY
485,Mason Price,ibrahimmorar@leannon.com,UT
486,Kyler Daniel Jr.,schummlamarcus@quitzon.com,KS
487,Toshio Sawayn,marta38@rippin-schulist.com,PR
488,Dr. Burney Gutkowski IV,irelandwaters@yahoosyxmal.com,AZ
489,Mr. Camron O'Reilly,veumferd@kutch-stracke.info,NJ
490,Miss Cinthia Kuhlman DDS,marlenalittle@weimann.info,NY
491,Erlene Boyle,jkunde@ledner-kris.com,FL
492,Felisha Sanford,qmann@jacobson.info,VA
493,Liller Schaden,jacqulyn15@fisher.com,ME
494,Ms. Ona Feest,sjenkins@gtyahoosyxmalsyxmal.com,AR
495,Shade Sipes,ogusikowski@hotyahoosyxmalsyx.com,NM
496,Sada O'Keefe,keichmann@yahoosyxmal.com,VT
497,Dr. Carolann Gibson,ebartoletti@howell.net,VT
498,Dr. Luciano Dietrich,htillman@gtyahoosyxmalsyxmal.com,AR
499,Job Kshlerin,julialind@yahoosyxmal.com,TX
500,Sandy Feil,tomaswiza@yahoosyxmal.com,AS
501,Doshie Jacobi MD,rosie68@hotyahoosyxmalsyx.com,WV
502,Valentina Orn,yweissnat@gtyahoosyxmalsyxmal.com,NJ
503,Miss Ciarra Cremin DDS,ridgebogisich@yahoosyxmal.com,ME
504,Anabella Ziemann,madlyn13@damore-okon.info,ND
505,Avis Jerde,cklein@daugherty-abbott.net,VA
506,Carrie Thompson,lebsackmagdalene@gtyahoosyxmalsyxmal.com,MA
507,Hellen Abernathy,jailyn43@wolf.com,ND
508,Darold Murphy,aurore48@reichel-mraz.info,VT
509,Marvin Abshire,martez25@lind.com,KS
510,Lyle Lehner,corkeryniki@gutmann.info,MT
511,Daryle Adams,fthompson@veum.com,DC
512,Josie Altenwerth,gerholdyoshio@walker.com,VI
513,Hershell Mertz,herbertrobel@ohara.net,AK
514,Alda Jakubowski,kerlukebilly@kuhn.org,WV
515,Carroll Cassin Jr.,yhettinger@schmitt-jacobi.com,OH
516,Madden Klocko V,sunnymckenzie@graham-nicolas.com,NJ
517,Destiny O'Keefe,marcokemmer@doyle.info,AL
518,Kayli Boyle,rutherfordhickle@yahoosyxmal.com,TN
519,Ms. Susann Beer,tawnya44@yahoosyxmal.com,KY
520,Ms. Cannie Hauck DDS,orice@gtyahoosyxmalsyxmal.com,DE
521,Cuba Braun,eriechristiansen@gtyahoosyxmalsyxmal.com,DE
522,Adlai Hessel,tamara40@gtyahoosyxmalsyxmal.com,MS
523,Benjaman Gibson,krystalweimann@bosco-carroll.com,CA
524,Mildred Green,oniedach@gtyahoosyxmalsyxmal.com,IN
525,Dr. Stan Simonis,damarcussatterfield@koepp-boyer.com,TN
526,Caydence Dickens,ebenezeradams@kihn.info,VT
527,Dr. Aidan Grimes,jwehner@gtyahoosyxmalsyxmal.com,AS
528,Bruce Wyman,yamilex64@kunde-kirlin.com,IA
529,Waylon Turner,ravenkohler@yahoosyxmal.com,VA
530,Pat Watsica,nikhil93@hudson.com,CA
531,Evelyne Bashirian,marcelavonrueden@yahoosyxmal.com,VA
532,Helma Ratke MD,pmarks@yahoosyxmal.com,ME
533,Hiram Fadel,aueranibal@gulgowski-batz.net,CA
534,Rogelio Rice,vgerhold@hagenes.info,FM
535,Mr. Kazuo Christiansen DVM,michelabshire@hotyahoosyxmalsyx.com,NJ
536,Dr. Devontae O'Hara,gaylordjewel@hahn.com,AZ
537,Benson Pfeffer,marquisekuvalis@hotyahoosyxmalsyx.com,NC
538,Phoenix Tromp,darla13@hotyahoosyxmalsyx.com,AZ
539,Lucile Marks,monahansusann@stanton-paucek.com,CA
540,Valentin Cronin,gherzog@green-jacobson.com,MO
541,Miss Ason Pfannerstill PhD,lilyannaupton@gtyahoosyxmalsyxmal.com,MS
542,Olinda Goyette,jorgepadberg@hotyahoosyxmalsyx.com,NM
543,Nicola Orn MD,kerlukecleve@yahoosyxmal.com,AK
544,Marilee Boehm,joshuahgoyette@gtyahoosyxmalsyxmal.com,SD
545,Reynaldo Ernser,everetmitchell@gtyahoosyxmalsyxmal.com,CO
546,Dr. Morris Tromp I,domenickrolfson@yahoosyxmal.com,NH
547,Delmus Mayert,lednerjaiden@trantow.com,WA
548,Camille Feeney,evansmith@gtyahoosyxmalsyxmal.com,OK
549,Davy Streich MD,ebert97@dubuque.com,MP
550,Miss Eleanore Shanahan,dpurdy@koch.com,PR
551,Ms. Lovisa Schulist,steven08@gtyahoosyxmalsyxmal.com,NE
552,Abie Jacobs,bradleyrussel@yahoosyxmal.com,AZ
553,Millard Yost,ikling@gtyahoosyxmalsyxmal.com,NJ
554,Susann Boehm,carlton88@gtyahoosyxmalsyxmal.com,MS
555,Ms. Abigail Fahey,kubdixie@yahoosyxmal.com,AK
556,Rice Kunde,hamillbrent@kuphal-sanford.com,NV
557,Roxane Hane,brussel@stracke.com,NH
558,Dr. Deidre Ritchie MD,marianne68@gtyahoosyxmalsyxmal.com,ID
559,Brien Ernser,ottoaltenwerth@prosacco.com,TX
560,Aloma Gerhold DDS,tilla24@yahoosyxmal.com,TN
561,Thos Ondricka,hartley08@swift-mueller.com,VT
562,Garrick Sporer,tremblaynancie@leffler.com,NE
563,Elvera Orn MD,clementinepaucek@hotyahoosyxmalsyx.com,OK
564,Dr. Daquan Rogahn,bernitahahn@yahoosyxmal.com,GA
565,Del Stoltenberg,qhodkiewicz@jacobson-schuppe.biz,OK
566,Dr. Filomena Koch DVM,celeste02@gtyahoosyxmalsyxmal.com,KS
567,Jaylon Abbott,flatleyharley@abshire.com,VT
568,Ellwood Bartell,eabbott@gtyahoosyxmalsyxmal.com,OH
569,Kadijah Terry DDS,goldieschmitt@bernier.com,GA
570,Coley Dooley,iledner@hotyahoosyxmalsyx.com,WY
571,Urijah Dietrich,ublock@prosacco.com,KY
572,Lilia Gutmann,lemkejeannie@sauer.org,NM
573,Ica Conn,zlakin@hessel.com,FM
574,Dr. Sharla Kuhlman DVM,asher35@kerluke-wehner.net,VT
575,Clemma Olson,fheaney@hansen.com,KY
576,Dr. Lia Spencer PhD,rosaleemaggio@gtyahoosyxmalsyxmal.com,MN
577,Mr. Ramon Cummings,chaney17@yahoosyxmal.com,NV
578,Zela Monahan PhD,sschultz@koch.biz,MO
579,Ida McLaughlin,nienowfidel@stanton.com,ME
580,Dr. Lulie Leuschke,danyellschamberger@yahoosyxmal.com,CO
581,Ms. Jaycie Okuneva,santana19@yahoosyxmal.com,MI
582,Netta Purdy,gmurphy@hotyahoosyxmalsyx.com,MT
583,Latoria Ernser,rillaweissnat@hotyahoosyxmalsyx.com,NE
584,Benny Bahringer,raynoralyssia@skiles.com,ND
585,Dr. Dock Batz DVM,goldnermilagros@okon.com,GU
586,Alene Hickle,buellortiz@schoen.com,WY
587,Maria Kuhic,mweimann@halvorson-wyman.com,PW
588,Mr. Ollie Schultz,pohara@west.com,IA
589,Adina Veum,bergedominque@gtyahoosyxmalsyxmal.com,KS
590,Dr. Kaylie Terry,vassiebeier@gtyahoosyxmalsyxmal.com,VT
591,Shiela Schimmel,gheaney@hotyahoosyxmalsyx.com,HI
592,Judge Kautzer,ilmaleffler@parisian-hermiston.com,KS
593,Talia Bradtke,walkermarleigh@yahoosyxmal.com,WV
594,Lavon Herman,ggreen@yahoosyxmal.com,IA
595,Birt West,loris21@monahan-legros.com,WI
596,Dr. Chana Johnson DVM,george92@hotyahoosyxmalsyx.com,ND
597,Dr. Furman Mills,kiehnbethzy@schaefer.com,PR
598,Constance Okuneva,javionrogahn@hotyahoosyxmalsyx.com,PA
599,Ms. Delois Brekke,lolachamplin@bauch.com,DC
600,Dr. Deonte Hilll II,brenda94@auer.net,WY
601,Justine Hoppe,manervaheathcote@conroy-thompson.com,MI
602,Chadrick Weimann,cbauch@yahoosyxmal.com,WV
603,Madalyn Gleason,abdul68@gtyahoosyxmalsyxmal.com,FL
604,Alys Howe,starkdamion@hotyahoosyxmalsyx.com,MA
605,Miss Nikole Larson,romagueraamon@gtyahoosyxmalsyxmal.com,CA
606,Mr. Stanton Bauch DDS,harvey00@hotyahoosyxmalsyx.com,NC
607,Melonie Brekke PhD,german77@mitchell-keeling.com,MT
608,Mr. Garnett Brekke,rswift@robel.com,FM
609,Fidel Sipes,staciemarquardt@stroman.com,VT
610,Karsyn Murphy DDS,letta45@hayes.net,NY
611,Dr. Daxton McClure,mayertlexus@yahoosyxmal.com,HI
612,Miss Isla Kessler,williemae61@yahoosyxmal.com,NC
613,Cas Oberbrunner,dwight47@doyle-lynch.info,GA
614,Carroll Satterfield,kwill@schaden.com,MN
615,Quintin Runte III,stoltenbergchace@yahoosyxmal.com,KS
616,Ms. Birtie Pfeffer,mrempel@wilkinson.com,ND
617,Dr. Isabelle Ritchie,caltenwerth@howell.com,SC
618,Dr. Algernon Hessel PhD,okeebler@fisher.com,WI
619,Ms. Valerie Becker,bertpredovic@yahoosyxmal.com,OH
620,Austyn Fisher,kari38@eichmann-wiza.org,SC
621,Elia Corkery,tomie26@collins-goodwin.com,ID
622,Mrs. Rikki Auer PhD,wilhelminabartell@kessler-hintz.info,PR
623,Diane Lind,lonzorice@gtyahoosyxmalsyxmal.com,OR
624,Robb Torp IV,luveniacrona@flatley-breitenberg.info,VT
625,Clementina Goodwin,marclarson@hotyahoosyxmalsyx.com,NM
626,Ms. Phyliss Marks MD,hilariohuel@kemmer.com,SC
627,Eula Bahringer,pearle44@christiansen-schmidt.com,AR
628,Ara Barrows MD,calhounbayer@yahoosyxmal.com,AR
629,Olaf Hackett,hwatsica@walsh.org,AZ
630,Ms. Tatum Hirthe,sheridan52@lueilwitz.com,AL
631,Dr. Sybil Klein MD,ferryderyl@lemke-nicolas.com,SD
632,Kacie Olson,nonie60@fadel.com,VT
633,Dr. Hobson Kunde II,turnermildred@gtyahoosyxmalsyxmal.com,MT
634,Dr. Bernadette Jakubowski DDS,hrutherford@gtyahoosyxmalsyxmal.com,ID
635,Mr. Mitchell Johns PhD,runolfsdottirpearla@lueilwitz-mcclure.net,TN
636,Mr. Newton Pouros,jaymeryan@hotyahoosyxmalsyx.com,VA
637,Delphin Douglas,oberbrunnerdeena@lowe.info,OH
638,Dr. Stanley Mills II,alanzogislason@little-dare.com,MN
639,Mrs. Gillian VonRueden,brandi99@mitchell.com,PA
640,Luigi Huel I,marquardtbritney@gtyahoosyxmalsyxmal.com,MP
641,Mr. Jonathan O'Hara V,vonarlie@gtyahoosyxmalsyxmal.com,NM
642,Albertus Funk,lehnerkortney@yahoosyxmal.com,GU
643,Mr. Brayden Herman DVM,starknatalia@stamm.com,FM
644,Mr. Pershing Dickinson II,jettie35@gtyahoosyxmalsyxmal.com,TX
645,Manervia Steuber,kgibson@keebler.biz,MS
646,Alexandra Bins,nbruen@gtyahoosyxmalsyxmal.com,SD
647,Myrtle Hirthe,khermiston@fahey.biz,NC
648,Katerina Larson,rennermekhi@miller.com,TX
649,Audy Schmidt,schummjaydin@hotyahoosyxmalsyx.com,OH
650,Mr. Shyheim Eichmann V,wbradtke@wisoky.com,LA
651,Leafy Barrows,connchancy@hotyahoosyxmalsyx.com,GA
652,Suzanne Pouros,ibode@yahoosyxmal.com,OR
653,Era Mante,jtowne@yahoosyxmal.com,NV
654,Arlena Ferry,walter47@hudson.net,SC
655,Braedon Aufderhar,xwelch@conroy-botsford.net,NH
656,Mrs. Dayami Sauer MD,okeefeluana@hotyahoosyxmalsyx.com,TX
657,Michaela Hegmann,walker34@hotyahoosyxmalsyx.com,SD
658,Reid Jacobs,stantonannmarie@gtyahoosyxmalsyxmal.com,VA
659,Perla Johns,jjerde@roberts-veum.biz,IA
660,Knox Schuppe,dsteuber@yost-roberts.com,SC
661,Georgiann Waelchi,clide64@hotyahoosyxmalsyx.com,CA
662,Dr. Tyreek Welch,estelabailey@goodwin.org,TN
663,Linsey Welch,flatleybridger@harvey-stoltenberg.com,DE
664,Charleen Runte,gerry26@abernathy-eichmann.com,MO
665,Adron Schaefer,virginiaconnelly@macejkovic.com,IN
666,Renata Orn,armstrongmindi@ondricka.com,ND
667,Kiana Bruen,manfordkrajcik@hotyahoosyxmalsyx.com,OH
668,Dr. Zeta Braun,mitchellconsuelo@crooks.com,VT
669,Dr. Rayan Kuhn,gorczanyverlin@yahoosyxmal.com,NJ
670,Hardie Dickinson,oberbrunnerveda@gtyahoosyxmalsyxmal.com,AK
671,Baron Lehner DVM,hoegerjonnie@kilback.com,MO
672,Ezzard Satterfield,arelidenesik@pfannerstill.net,AR
673,Dr. Hans Rodriguez III,daryle25@hotyahoosyxmalsyx.com,MO
674,Clemon Bartell,demarion13@trantow.com,KY
675,Simone Considine,ofriesen@fritsch.biz,NC
676,Mitchel Will,tallielakin@reinger.biz,MS
677,Harlie Dietrich,heidenreichcleve@hotyahoosyxmalsyx.com,TX
678,Estes Schmitt IV,greenholtkaran@christiansen.com,KS
679,Idella Farrell,jstiedemann@gleichner.info,RI
680,Marguerite Jacobson,skileswhitney@yahoosyxmal.com,CA
681,Einar Farrell,iva81@hotyahoosyxmalsyx.com,FM
682,Zeke Mueller IV,tremblaydosia@gottlieb.org,FL
683,Eben Leuschke,jenelle59@gtyahoosyxmalsyxmal.com,NY
684,Jaheem Lubowitz,essa45@gtyahoosyxmalsyxmal.com,PR
685,Kylie Lockman,fbednar@yahoosyxmal.com,VI
686,Elton Kerluke,qkulas@yahoosyxmal.com,IL
687,Briley Grady,ritchiezoey@yahoosyxmal.com,OK
688,Mr. Cale Watsica,schmelerbuel@hoeger.com,PR
689,Gertie Weimann,olsonannetta@bradtke.com,LA
690,Casie Ledner,kuphalulysses@hotyahoosyxmalsyx.com,AZ
691,Dr. Xzavier Kub Jr.,montelparisian@gtyahoosyxmalsyxmal.com,MA
692,Gwendolyn Connelly,auerjaleesa@gtyahoosyxmalsyxmal.com,CA
693,Marcelo Kuvalis,caryl71@yahoosyxmal.com,ND
694,Miss Pink Buckridge,edrisritchie@batz.com,AL
695,Gloria Rath,oabernathy@gtyahoosyxmalsyxmal.com,IN
696,Miss Azaria Pfannerstill MD,toddcarroll@gtyahoosyxmalsyxmal.com,CT
697,Randal Howe,west98@gtyahoosyxmalsyxmal.com,AZ
698,Parrish Sauer,rleffler@terry-walsh.com,ID
699,Dr. Nello Blanda,swiftcap@yahoosyxmal.com,AR
700,Domenic Hyatt II,brody31@gtyahoosyxmalsyxmal.com,NC
701,Tambra Pollich,vward@mayer-rogahn.biz,IL
702,Mr. Harland Ward,ortizjudy@kautzer-hessel.com,NH
703,Dr. Esley Koch,jerilyn76@hotyahoosyxmalsyx.com,CT
704,Gussie Luettgen,gerda94@gtyahoosyxmalsyxmal.com,WV
705,Larue Sipes DDS,reynoldsthurlow@rice-padberg.info,KS
706,Vannie Abbott,lazaropfannerstill@gtyahoosyxmalsyxmal.com,GU
707,Lilia O'Conner,huelslovie@hotyahoosyxmalsyx.com,SC
708,Dr. Killian Casper,rrowe@yahoosyxmal.com,CA
709,Simpson Dickens,oreillyalvan@hotyahoosyxmalsyx.com,MO
710,Lela Hane,demondyundt@simonis-stanton.com,IL
711,Richelle Fisher,kattie06@ondricka-runolfsdottir.com,AL
712,Fisher Kunde,wjacobson@hotyahoosyxmalsyx.com,WV
713,Miss Joanie Ziemann,thompsonailene@kohler.com,MN
714,Dr. Bettyjane Cremin,mantedixon@yahoosyxmal.com,KY
715,Mr. Tyron Beier,zklocko@metz-armstrong.org,OK
716,Tia Brekke,franeckiarchibald@yahoosyxmal.com,PR
717,Ota Moore DVM,mikhailmckenzie@ledner.com,WA
718,Euna Kreiger,snitzsche@hotyahoosyxmalsyx.com,HI
719,Dominick Will,mcdermottlinwood@hotyahoosyxmalsyx.com,NY
720,Thursa Schoen,carirempel@yahoosyxmal.com,NE
721,Shanika Kozey,jovanny65@okon-hoppe.com,TX
722,Ms. Laurene Collier,ryleewaters@hotyahoosyxmalsyx.com,TN
723,Myrtice Turner,njerde@koss-franecki.com,IA
724,Elgie Hane,milda61@grimes.info,MD
725,Metro Fahey,schuppebella@gtyahoosyxmalsyxmal.com,DC
726,Dorsey Bergnaum,bergstromarabella@gtyahoosyxmalsyxmal.com,KY
727,Dr. Una O'Connell,ellamaemohr@hotyahoosyxmalsyx.com,VA
728,Dr. Crissie Willms MD,gzieme@konopelski.com,HI
729,Anastasia Schumm,melodee62@okon.com,FM
730,Miss Itzel Pfeffer DDS,saniya03@moen-white.net,WI
731,Mr. Oswald Emmerich III,schadenamado@schumm.net,WV
732,Daulton Bruen Sr.,cordabraun@schroeder.com,WV
733,Kay Littel,ludabergstrom@schmitt-kutch.biz,MH
734,Lyman Lang,shedricklebsack@kunze.com,KY
735,Bert Skiles DDS,rkulas@gtyahoosyxmalsyxmal.com,AR
736,Latrina Mayert,devontaeschulist@oconnell.org,UT
737,Glendora Botsford MD,pkessler@hotyahoosyxmalsyx.com,GA
738,Coolidge Gleason,jerrold56@ondricka.com,KS
739,Julisa VonRueden,kesslerjakobe@lind.com,MH
740,Mrs. Thursa Schneider,benita76@hotyahoosyxmalsyx.com,NE
741,Ashanti Schamberger DVM,langworthdonat@yahoosyxmal.com,NJ
742,Margret Lindgren,exie05@skiles.info,KY
743,Elgie Hodkiewicz,lisle14@effertz.com,MT
744,Kenji Tremblay,mgleason@hotyahoosyxmalsyx.com,AR
745,Myrtis Roberts MD,traci49@kling-fritsch.info,WY
746,Dr. Dejon Auer,odalis53@gibson-predovic.net,WA
747,Miss Nicolle White,tcormier@gtyahoosyxmalsyxmal.com,AK
748,Rayford Quitzon,reannaschultz@yahoosyxmal.com,TX
749,Dr. Darrius Gottlieb,qabernathy@hotyahoosyxmalsyx.com,WI
750,Buffy Wilderman,beadie65@yahoosyxmal.com,CA
751,Geovanni Klocko PhD,doylechristene@wisozk-champlin.com,SC
752,Talan Shanahan,okautzer@mann-jaskolski.com,MI
753,Nakia Feest DVM,uhyatt@yahoosyxmal.com,VT
754,Dr. Deward Durgan I,unnamedlabadie@yahoosyxmal.com,MO
755,Okey Heaney,lemard@bashirian-west.org,PW
756,Micheal Dicki,karsonsenger@kreiger.info,TX
757,Vilma Berge,verdman@lebsack-collier.info,WI
758,Melisa Funk,lesleyjast@kutch-nolan.com,DC
759,Bentley Grady,lorna26@braun.com,NE
760,Mrs. Kacy Erdman DVM,seldon40@stark.info,IL
761,Macie Zboncak,fritschalverda@schumm.com,OH
762,Dr. Reagan Hills IV,rueckerporfirio@yahoosyxmal.com,CT
763,Ms. Shaquana Crooks,gleichnertrey@hotyahoosyxmalsyx.com,MD
764,Joy Labadie,lelar57@mante.com,DE
765,Miss Myrtice Graham,allyncartwright@beatty.com,ME
766,Jasper Grant,lorraine64@hotyahoosyxmalsyx.com,VI
767,Manuelita Carter PhD,fmann@hotyahoosyxmalsyx.com,MN
768,Frieda Jast,campbell83@wolf.com,WV
769,Braxton Schulist,wisokychrist@goldner.com,CO
770,Cordie Lubowitz,umarquardt@cormier.biz,FL
771,Chris Price,jadencremin@hotyahoosyxmalsyx.com,OH
772,Rylee Bosco,ciara04@boyer.com,MA
773,Laurene Shields,devondickens@yahoosyxmal.com,MD
774,Reid O'Keefe,elonerdman@gtyahoosyxmalsyxmal.com,RI
775,Ransom Kohler,hintzgrant@gtyahoosyxmalsyxmal.com,MI
776,Torrie Lesch,hvandervort@ratke-keeling.com,SC
777,Kelley Pagac,euna20@hilpert.com,WY
778,Jasper Kuphal,ruffuswill@collins.com,ND
779,Miss Dwan Rath,treena79@beier.com,MI
780,Lamonte Lehner,brenner@sanford-nicolas.com,VA
781,Micky Stanton Jr.,turnerbritany@beer.com,IN
782,Birtie McCullough,taniya17@ortiz.info,IA
783,Mindy Okuneva DDS,westley58@yahoosyxmal.com,KS
784,Ayla Stamm,olinda71@yahoosyxmal.com,NV
785,Jeanne Rutherford,bashirianjedediah@stoltenberg.net,MI
786,Dr. Augusta Dickinson DVM,hudsonkathern@boehm-schamberger.biz,NJ
787,Aime Spencer,marvinebony@daugherty.com,NV
788,Onnie Dare,bianca21@hotyahoosyxmalsyx.com,WV
789,Clabe Russel,whilll@king.net,AL
790,Lucian Mertz,deckowcon@senger.org,AR
791,Lucas Schinner,oreillyestel@hotyahoosyxmalsyx.com,KS
792,Gaylon Kohler Jr.,kertzmanndoloris@yahoosyxmal.com,SC
793,Donte Padberg,dickenscami@yahoosyxmal.com,MS
794,Conor Klein,memard@hotyahoosyxmalsyx.com,FM
795,Daunte Konopelski,marshal31@gtyahoosyxmalsyxmal.com,WY
796,Leonardo Littel,ddavis@gtyahoosyxmalsyxmal.com,ND
797,Breanna Hills,everettschaden@zemlak.com,WY
798,Mr. Danny Rempel,homenickolivine@blick-schiller.net,IN
799,Madelynn Spinka,argie77@hotyahoosyxmalsyx.com,ND
800,Darrian Treutel,ihaley@keebler.com,TX
801,Jesus Yost,jakayla69@herman.com,VI
802,Miss Averie Flatley,lovell64@grant.com,FL
803,Alden Murray,vera27@gtyahoosyxmalsyxmal.com,AK
804,Judie Pfannerstill,jaidyn73@yahoosyxmal.com,IN
805,Mr. Nolen Bins,jaydon60@gtyahoosyxmalsyxmal.com,OR
806,Grayce Eichmann,katelynndibbert@gtyahoosyxmalsyxmal.com,ME
807,Linden Simonis,cleo86@aufderhar.info,ID
808,Frieda Steuber,reingerblanch@yahoosyxmal.com,LA
809,Angie Kiehn,bertagutkowski@hotyahoosyxmalsyx.com,IN
810,Brown Reilly,pziemann@gtyahoosyxmalsyxmal.com,MH
811,Alvia Keeling V,alondra97@hotyahoosyxmalsyx.com,MT
812,Mrs. Roni Davis,micheal45@hotyahoosyxmalsyx.com,MO
813,Ciera DuBuque,awehner@keeling.com,OH
814,Mrs. Pairlee Runolfsdottir PhD,quitzonalan@strosin.com,ME
815,Dr. Essence Frami DDS,schroedershea@hauck.com,LA
816,Liberty Jacobson MD,okonorren@ullrich.com,OR
817,Dr. Mila Green,hintztreasure@hotyahoosyxmalsyx.com,SC
818,Hamza O'Reilly,schadentiarra@yahoosyxmal.com,AK
819,Domenica Blanda,fernandobashirian@bernhard-homenick.info,AK
820,Dionne Strosin,sade14@gtyahoosyxmalsyxmal.com,ME
821,Sammie Abshire,emelie00@gtyahoosyxmalsyxmal.com,TN
822,Ms. Toya Paucek DDS,ricardosmitham@hotyahoosyxmalsyx.com,MP
823,Mr. Ali Moen,minnaokeefe@hyatt-gusikowski.net,AK
824,Gianna Davis,charissakeeling@sanford.com,FL
825,Chantel Johns,allisson22@mitchell-cole.com,VA
826,Kris Funk,hansenkarol@yahoosyxmal.com,ND
827,Yvette Hilll DVM,zettie17@kassulke-kassulke.com,AR
828,Mr. Camren Fahey,torphyguillermo@gtyahoosyxmalsyxmal.com,OK
829,Geoff Lang III,rivercruickshank@ritchie-schuppe.info,AR
830,Isiah Daniel,sebastian81@yahoosyxmal.com,AS
831,Asbury Greenholt,weston24@champlin-larkin.com,FM
832,Mr. Demetri Jaskolski IV,strackebama@kertzmann.com,NE
833,Mrs. Oliva Larkin PhD,raynoralethea@yahoosyxmal.com,NJ
834,Alyssia Sanford,kuhnantoine@barton-jaskolski.com,CT
835,Lazaro Schamberger,qflatley@bins-oberbrunner.biz,RI
836,Elzie McLaughlin,alexandrea89@hotyahoosyxmalsyx.com,AS
837,Clabe Trantow,tiarawehner@lehner.biz,OH
838,Kassidy Hoeger,mosciskieryn@yahoosyxmal.com,FM
839,Jack O'Kon IV,mcclurekrysten@harris.com,CT
840,Isabel Corkery,mhalvorson@yahoosyxmal.com,MO
841,Juanita Lockman,vcremin@heller.com,CO
842,Gidget Wilderman,schimmelrylan@hotyahoosyxmalsyx.com,IL
843,Syble Toy,wreinger@hotyahoosyxmalsyx.com,TX
844,Mr. Brandyn O'Hara,jwitting@schimmel.com,FM
845,Elsie Lakin,urijahwalker@farrell.com,MO
846,Dr. Donta Grant,gislasonpennie@miller.org,NC
847,Hart Mertz Jr.,friesenkevin@parisian.com,TN
848,Dr. Manly Mosciski DDS,ostoltenberg@armstrong.com,NY
849,Clarence Kuhic,quinton43@barton.com,ND
850,Britt Jenkins,glendacremin@gtyahoosyxmalsyxmal.com,NM
851,Leopold Sporer,rowelane@yahoosyxmal.com,IL
852,Lucas Rice,kelissmitham@anderson.com,WV
853,Barney Gleichner,utorp@hotyahoosyxmalsyx.com,RI
854,Ivey Conroy,jacqulynnitzsche@hand-rau.biz,MT
855,Telly McGlynn,dorabashirian@jacobson.com,MI
856,Graham Reichert Jr.,genesis80@bernier.com,FM
857,Deacon Pacocha,josefina92@kuvalis-bruen.com,HI
858,Clemens Kovacek,laquita63@hotyahoosyxmalsyx.com,WA
859,Rod Bradtke,marquardtgale@goyette-batz.net,PW
860,Jerica Lakin MD,jaiden15@okuneva.com,LA
861,Dr. Madalyn Lubowitz,bauchozell@robel.info,UT
862,Ms. Ines Rosenbaum MD,veumnana@bradtke.com,WY
863,Denis Hagenes,leroy83@runolfsdottir.info,AS
864,Keshaun Von IV,aiyanna37@hotyahoosyxmalsyx.com,AK
865,Mr. Darrel Lowe,rohanepifanio@trantow-sanford.com,MA
866,Dr. Winford Rutherford,hirthesuzette@homenick-smitham.com,PA
867,Debora Pollich,moorealfie@gislason-huels.com,MA
868,Joeseph Gislason,stantonelmire@yahoosyxmal.com,NE
869,Laurette Torp,riceclemmie@hotyahoosyxmalsyx.com,MO
870,Eligah Padberg,lessie15@gtyahoosyxmalsyxmal.com,VA
871,Mrs. May Bode MD,birtshields@gtyahoosyxmalsyxmal.com,CT
872,Viola Reilly DDS,margarite66@gtyahoosyxmalsyxmal.com,NH
873,Bailey Corkery,runtedashawn@dubuque-moore.com,ND
874,Ms. Ivey Borer PhD,olivewill@padberg-rohan.com,VT
875,Sinda Lubowitz,jbotsford@yahoosyxmal.com,NJ
876,Mr. Tommie Mante,casperamarion@lubowitz.com,MA
877,Montrell Kohler,wavasenger@hayes.com,MH
878,Jerrell Stamm,teagan00@yahoosyxmal.com,MP
879,Leeann Kihn,bsatterfield@yahoosyxmal.com,PA
880,Demarion Lueilwitz,warner88@hotyahoosyxmalsyx.com,OK
881,Luana Dickinson,windlerenrico@ferry.com,VI
882,Ms. Joyce McKenzie DDS,ela10@gtyahoosyxmalsyxmal.com,ID
883,Durwood Medhurst,gpurdy@gtyahoosyxmalsyxmal.com,TX
884,Dr. Naoma Reynolds,keven29@gtyahoosyxmalsyxmal.com,MN
885,Justin Kuhic,gusikowskichrystal@barrows.net,SC
886,Emilia Welch,goldnerarizona@gtyahoosyxmalsyxmal.com,VT
887,Joeseph Balistreri I,berniece61@howe-mitchell.info,KY
888,Dr. Rome Muller,dawna61@yahoosyxmal.com,OR
889,Aarav Ratke,maggiojodie@hotyahoosyxmalsyx.com,ME
890,Kian Olson Jr.,algernonsanford@marvin-quitzon.com,CT
891,Heidy Abernathy DVM,chuckluettgen@gtyahoosyxmalsyxmal.com,AR
892,Alexys Sauer,kesslerbrant@gtyahoosyxmalsyxmal.com,ID
893,Gorden Nienow DDS,koeppamy@jacobi.com,OR
894,Ruffus Farrell,nconnelly@streich.com,MA
895,Dr. Hermann Homenick Sr.,vhane@hotyahoosyxmalsyx.com,SD
896,Chandra Heathcote,jstokes@gtyahoosyxmalsyxmal.com,MD
897,Reva Nader,feilmarely@gtyahoosyxmalsyxmal.com,NJ
898,Ms. Liz Willms,christiansengreta@gtyahoosyxmalsyxmal.com,FM
899,Wayne Schultz,emcdermott@yahoosyxmal.com,MO
900,Dr. Dominic Brakus,daniellapouros@lubowitz.com,MA
901,Dr. Toby Mosciski MD,critchie@gutkowski.info,NM
902,Graves Hane I,randolf53@gtyahoosyxmalsyxmal.com,WI
903,Merilyn Abshire,baileywatsica@gtyahoosyxmalsyxmal.com,DE
904,Kimberli Borer,thyatt@stroman-prosacco.info,IL
905,Xena Vandervort DVM,robelvenita@yahoosyxmal.com,FM
906,Dr. Lacey Cruickshank,runolfsdottirbarnard@hotyahoosyxmalsyx.com,IN
907,Dr. Zena McLaughlin PhD,schimmelneveah@yahoosyxmal.com,ME
908,Norberto Lebsack I,arlisnolan@yahoosyxmal.com,OH
909,Lulu Homenick,greenbrea@jenkins-bruen.com,IN
910,Dr. Adela Schneider,carlenenitzsche@gtyahoosyxmalsyxmal.com,RI
911,Shiela Altenwerth DDS,kennard18@gtyahoosyxmalsyxmal.com,GA
912,Lute Kovacek,labadiechelsy@hotyahoosyxmalsyx.com,WY
913,Ms. Gertha Hagenes,gusikowskipandora@gtyahoosyxmalsyxmal.com,MH
914,Dr. Landen Jones III,rutherfordmadisyn@yahoosyxmal.com,CT
915,Needham Goodwin,pearlie10@yahoosyxmal.com,PR
916,Irven Hegmann,sherirutherford@gtyahoosyxmalsyxmal.com,IL
917,Suzanne Batz,amirhartmann@yahoosyxmal.com,ME
918,Dorris Tremblay,luannmayer@gtyahoosyxmalsyxmal.com,NY
919,Tallie Funk,drutherford@stroman.info,CO
920,Diane Stracke,christiansendalia@hotyahoosyxmalsyx.com,GA
921,Ms. Rylan Kilback DDS,ckreiger@gtyahoosyxmalsyxmal.com,NY
922,Mansfield Vandervort,dschaefer@hotyahoosyxmalsyx.com,PW
923,Mr. Purl Heaney II,johnsblaze@gtyahoosyxmalsyxmal.com,RI
924,Cliffie Streich,anabelheidenreich@yahoosyxmal.com,WY
925,Isabela Lynch,jeane54@yahoosyxmal.com,ID
926,Brayan Kerluke MD,nilda50@gutkowski.net,IA
927,Gilmore Eichmann,abbottwells@gtyahoosyxmalsyxmal.com,NC
928,Angeline Walter,wtremblay@littel-nikolaus.com,AL
929,Ms. Corda Schoen DDS,amarks@hotyahoosyxmalsyx.com,AS
930,Daija Ebert DDS,marryrath@yahoosyxmal.com,HI
931,Elois Marquardt PhD,starling15@hermann.com,IN
932,Claudie Skiles,ivorlubowitz@gtyahoosyxmalsyxmal.com,ME
933,Nealie Waters,ibartoletti@connelly.com,FL
934,Aleen Cronin,loweroosevelt@hotyahoosyxmalsyx.com,AS
935,Armond Gaylord,langoshdeante@mcglynn-crist.com,AZ
936,Dr. Alyssia O'Hara DDS,ldibbert@hotyahoosyxmalsyx.com,NE
937,Karren Wiegand,cielo41@runte.com,AK
938,Mrs. Akira Stehr PhD,ernserkarel@pollich.net,IN
939,Noah Herman,alyvia65@hotyahoosyxmalsyx.com,MI
940,Diana Boyle DVM,lorenzo36@leffler-marquardt.biz,CA
941,Mrs. Karlie Johnson,cgoodwin@hermiston.com,WI
942,Dr. Aloys Lebsack,uosinski@gtyahoosyxmalsyxmal.com,MN
943,Kristen Hane,austen47@yahoosyxmal.com,DC
944,Dr. Dayton Nader IV,nancytorp@hotyahoosyxmalsyx.com,OK
945,Antonia Leuschke,jerekunde@stiedemann.net,CA
946,Miss Aiyana Blanda DVM,aydin98@lind-gleason.com,OH
947,Dr. Marianita Dickinson,jolette16@yahoosyxmal.com,AS
948,Kelsey Miller,odach@yahoosyxmal.com,HI
949,Con Von IV,hilperttennille@hotyahoosyxmalsyx.com,NJ
950,Dr. Kyan Boyle,psmitham@hotyahoosyxmalsyx.com,DE
951,Brayden Braun,gavin68@hotyahoosyxmalsyx.com,FL
952,Vennie Jakubowski,ada14@gtyahoosyxmalsyxmal.com,TX
953,Leila Simonis,kohlerjacey@king-prohaska.net,GA
954,Luciano Bartell,brutherford@jaskolski-dach.com,VA
955,Wess O'Keefe,tera99@toy.info,FM
956,Duwayne Towne,byundt@gtyahoosyxmalsyxmal.com,LA
957,Saint Bosco III,lhilpert@bins-hilpert.com,MA
958,Carla Boyle,mayherman@yahoosyxmal.com,GU
959,Waylon Hickle,donatobins@gtyahoosyxmalsyxmal.com,WY
960,Yancy Steuber V,ryanjonah@jacobson-luettgen.com,PW
961,Miss Deliah Stamm MD,chelsiheidenreich@crona.biz,PA
962,Miss Linnea Beahan DVM,yundtalexande@walsh-fahey.com,CT
963,Marianita Ondricka,bowman97@yahoosyxmal.com,NE
964,Ms. Sharron Predovic,luz76@dicki.com,CO
965,Justen Lebsack,hrath@reilly.com,MA
966,Dr. Lonna Terry PhD,michel74@yahoosyxmal.com,PR
967,Dr. Jazlyn McGlynn MD,gwisoky@gtyahoosyxmalsyxmal.com,GA
968,Mateo Nienow,rockyrunte@yahoosyxmal.com,MD
969,Ms. Christen Ullrich DDS,hfritsch@ratke.com,KY
970,Carleen Glover,watersshenna@hotyahoosyxmalsyx.com,AZ
971,Sheyla Hackett,donte83@gtyahoosyxmalsyxmal.com,MD
972,Earline Torp,tmoore@koss.com,DC
973,Cali Jakubowski,nayeli83@haley-bosco.org,ID
974,Mr. Sharif McCullough,hryan@jast.net,KS
975,Lenard Spencer,rgkhtg4b@yahoosyxmal.com,AL
976,Armond Schiller,garvin21@yahoosyxmal.com,MO
977,Fran Harvey,greenholtnohely@weissnat.com,CO
978,Mr. Burnie Hauck Jr.,zariacummerata@yahoosyxmal.com,AS
979,Ms. Coralie Ziemann,ydurgan@haley.com,MN
980,Lyn Hansen,xgerlach@hotyahoosyxmalsyx.com,MI
981,Eldridge Carroll DDS,ukassulke@yahoosyxmal.com,ND
982,Skye Ferry DDS,danyelpredovic@yahoosyxmal.com,PW
983,Jerri Spencer,wolffkatarina@hotyahoosyxmalsyx.com,LA
984,Dr. Drusilla Olson MD,concepcion18@hotyahoosyxmalsyx.com,NE
985,Dr. Cade Shields MD,clevie31@hotyahoosyxmalsyx.com,CT
986,Mr. Maximo Bayer DDS,johnsonbelva@yahoosyxmal.com,DC
987,Doctor Considine I,jamiereynolds@barton.com,NH
988,Sky Towne,margret22@gtyahoosyxmalsyxmal.com,MD
989,Leta Koch,beerkimberlee@hotyahoosyxmalsyx.com,VT
990,Adison Lemke,jacquelinestanton@damore.com,WV
991,Kadin Kulas,brennen37@swift-simonis.org,PW
992,Leann Hirthe,kylehudson@hudson-graham.biz,PW
993,Windell Cruickshank,ukoepp@gtyahoosyxmalsyxmal.com,AS
994,Miss Michal Carter DDS,elam85@gtyahoosyxmalsyxmal.com,MN
995,Yolanda Kirlin,rodryan@koss-damore.com,OK
996,Loni Senger,clueilwitz@mueller-terry.org,MO
997,Fritz Moore,bmante@hotyahoosyxmalsyx.com,WY
998,Dr. Kurt Murazik DDS,lucacummerata@runolfsson.biz,NH
999,Mr. Delano Ratke IV,monahanamirah@lemke.com,KY
1000,Corie Kling,avonrueden@connelly.com,GU
1001,Casen Keebler,rutherforderastus@smitham-kohler.com,MI
1002,Hernan McClure,sunnyschaden@fisher.com,ID
1003,Odus Turner,alisonyost@hotyahoosyxmalsyx.com,VI
1004,Era Rohan,jonatanschroeder@yahoosyxmal.com,NJ
1005,Marcos Pollich,bradhomenick@abshire-powlowski.org,IL
1006,Dr. Al Stiedemann Jr.,charles24@yahoosyxmal.com,WY
1007,Stanton Morar,matilda31@hotyahoosyxmalsyx.com,NV
1008,Trevin Ebert II,gleichnermatthias@bernier-lesch.com,PW
1009,Regan Gibson,noemie83@gtyahoosyxmalsyxmal.com,AZ
1010,Tinie O'Conner,antione35@quitzon.info,CA
1011,Dr. Aracely Orn DVM,padbergivan@beier.com,MP
1012,Dr. Alessandro Labadie IV,derrellbins@gtyahoosyxmalsyxmal.com,ID
1013,Dr. Willian Johnson,loveymorar@tillman.com,WY
1014,Lashonda Lemke MD,kiefer85@stokes-howell.info,AL
1015,Miss Justina Schinner,lschoen@hotyahoosyxmalsyx.com,FM
1016,Ozzie Labadie IV,demonte53@upton.org,KY
1017,Haden Legros,dgreenfelder@hotyahoosyxmalsyx.com,AS
1018,Ashby Macejkovic,vicky26@hagenes-tromp.biz,SD
1019,Mr. Denzil Wuckert IV,erlene58@gtyahoosyxmalsyxmal.com,NE
1020,Jodie Bechtelar,aimeepagac@gtyahoosyxmalsyxmal.com,VI
1021,Ah Gerlach MD,xkovacek@gtyahoosyxmalsyxmal.com,WY
1022,Les Keeling,ferrythea@vandervort.com,ID
1023,Dr. Wilfrid Kuphal,cosmoturcotte@haag.com,DE
1024,Mr. Rahul Ernser V,upacocha@oconner-vandervort.org,RI
1025,Ms. Josefa Collins DDS,nanci43@jones-jast.biz,OK
1026,Bridger Pouros,willmsingrid@von-thompson.com,ND
1027,Dr. Grayson Gottlieb,ankundingkaelyn@schmitt.com,CT
1028,Ms. Hailey Willms,hanenewton@yahoosyxmal.com,PA
1029,Rutha Blanda,rempelelise@macejkovic.com,TX
1030,Darrin Price IV,qfeest@lubowitz-buckridge.info,SC
1031,Eileen Tromp,karrieparisian@hotyahoosyxmalsyx.com,GA
1032,Francesca Vandervort PhD,whammes@hotyahoosyxmalsyx.com,PA
1033,Butch Leffler,jlowe@yahoosyxmal.com,ME
1034,Brion Wiza,abogan@yahoosyxmal.com,NE
1035,Heidy Purdy,kreigerroderick@gtyahoosyxmalsyxmal.com,AR
1036,Steve Greenfelder,fidencio31@rosenbaum-okon.info,DE
1037,Carson McCullough,larkinciera@kirlin.com,ND
1038,Mrs. Hennie Klein PhD,jaskolskiruby@hotyahoosyxmalsyx.com,IL
1039,Miss Arletta Cummings,eppiereinger@kuhic-gleichner.com,DC
1040,Braylen Reinger,treutelaniya@olson.com,MT
1041,Dr. Derl Watsica,lziemann@goldner-padberg.info,NJ
1042,Chyna Veum,auerfelicia@mosciski-abbott.com,MA
1043,Dr. Davina Boyle PhD,stewartmcdermott@hills-langworth.com,AS
1044,Haiden Boyer,jaylahkoelpin@gtyahoosyxmalsyxmal.com,GU
1045,Dr. Sidney O'Conner Sr.,leighton22@gtyahoosyxmalsyxmal.com,LA
1046,Nanci Ferry MD,williamsonzhane@hotyahoosyxmalsyx.com,MS
1047,Scott Ortiz III,stokesjered@yahoosyxmal.com,UT
1048,Amado Wisozk DDS,klockoomarion@heaney.com,NV
1049,Miss Fannie Cassin,huysanford@windler.com,KS
1050,Mayra Olson,coenmcglynn@grant.com,IL
1051,Eldred Moen,donniehettinger@schiller.info,MO
1052,Halie Paucek,dayse16@hotyahoosyxmalsyx.com,ME
1053,Mr. Brenden Rodriguez,tishie29@graham.org,MT
1054,Mrs. Brande Langosh DDS,nkonopelski@yahoosyxmal.com,AS
1055,Harper King PhD,igoodwin@yahoosyxmal.com,IN
1056,Golden DuBuque,catherine27@hotyahoosyxmalsyx.com,PR
1057,Joellen Sporer,lubowitzminor@hotyahoosyxmalsyx.com,MO
1058,Emelia Carroll,gschmidt@gtyahoosyxmalsyxmal.com,RI
1059,Von Lindgren,jprice@hotyahoosyxmalsyx.com,MT
1060,Hayden Sporer,angelinatremblay@beier-jacobs.com,AL
1061,Mr. Jalon Rogahn,okonjere@maggio.com,NH
1062,Emelie Corwin,skessler@yahoosyxmal.com,AS
1063,Garrett Stracke,bamawilkinson@nikolaus-kunde.com,NM
1064,Alysha Torp,npurdy@gleason.com,NJ
1065,Gaige Howe,eda49@yahoosyxmal.com,RI
1066,Mr. Burrell Hagenes,oharakandi@hotyahoosyxmalsyx.com,NM
1067,Jovanni DuBuque,teagan79@hane-kutch.com,MI
1068,Mickie Casper,iarmstrong@farrell.com,GA
1069,Ricci Wehner,lwiza@moore-reilly.net,ID
1070,Miss Bettina Wintheiser DVM,burns33@yahoosyxmal.com,PR
1071,Dr. Lyndia Jaskolski,rgulgowski@hotyahoosyxmalsyx.com,CO
1072,Jakobe Lakin,jerrelmonahan@yahoosyxmal.com,GU
1073,Kloe Stark,franeckiburnice@hotyahoosyxmalsyx.com,MS
1074,Brett Muller,schummkip@lowe.com,MS
1075,Dr. Abdiel Hauck V,turnercelestine@schroeder.com,HI
1076,Brittanie Langworth,robfarrell@kovacek.org,IA
1077,Rosaline Hettinger,yframi@schoen.info,PR
1078,Braden Hackett,bettylouherman@yahoosyxmal.com,PW
1079,Mr. Reilly Price Jr.,nlueilwitz@kilback-doyle.net,KY
1080,Dr. Theda Lindgren,wolffhillard@yahoosyxmal.com,MH
1081,Pallie Mann,ebergnaum@yahoosyxmal.com,NY
1082,Judge White,xhoeger@yahoosyxmal.com,AL
1083,Martell Bogan Jr.,thomenick@yahoosyxmal.com,IA
1084,Christena Mann,seymour26@welch.com,MO
1085,Russel Treutel V,bergnaumarly@towne-powlowski.info,ME
1086,Jaxen Thiel,maudie40@hotyahoosyxmalsyx.com,GU
1087,Jami Kihn,regisgrimes@koelpin.com,WY
1088,Shyanne Rau,abernathylona@yahoosyxmal.com,KY
1089,Oland Kling,rhudson@yahoosyxmal.com,NY
1090,Ms. Kim Schoen MD,ywelch@pfannerstill-wuckert.com,AZ
1091,Verlon Stehr,dominicbruen@schaden.net,WI
1092,Mrs. Zella Leannon MD,trula27@schaden-oconner.com,VI
1093,Mathilda Corwin,bwill@gtyahoosyxmalsyxmal.com,AZ
1094,Dr. Shawnte Windler,heathchristiansen@hagenes.com,MN
1095,Octavie Hayes,wisozklaylah@simonis.net,OH
1096,Micaela Deckow PhD,wjohns@hotyahoosyxmalsyx.com,NE
1097,Dionicio Dickinson,arah56@yahoosyxmal.com,WV
1098,Dr. Mychal Feeney,littellyle@little.info,PR
1099,Deanna Marquardt,brian69@yahoosyxmal.com,AL
1100,Jax Torphy DDS,brigitte32@yahoosyxmal.com,NV
